Workbook

Sheet FCFS
A1: P1 Response | B1: P2 Response | C1: P3 Response | D1: P4 Response | E1: Context 1 | F1: Context 2 | G1: Context 3 | H1: Total Context
A2: 6e-05 | B2: 0.0001 | C2: 0.00013 | D2: 0.00015 | E2: 0 | F2: 0 | G2: 0 | H2: =SUM(E2:G2) -> 0
A3: 3e-05 | B3: 7e-05 | C3: 0.0001 | D3: 0.00013 | E3: 0 | F3: 0 | G3: 0 | H3: =SUM(E3:G3) -> 0
A4: 3e-05 | B4: 7e-05 | C4: 0.00011 | D4: 0.00012 | E4: 0 | F4: 0 | G4: 0 | H4: =SUM(E4:G4) -> 0
A5: 4e-05 | B5: 7e-05 | C5: 0.00011 | D5: 0.00014 | E5: 0 | F5: 0 | G5: 0 | H5: =SUM(E5:G5) -> 0
A6: 4e-05 | B6: 7e-05 | C6: 0.0001 | D6: 0.00012 | E6: 0 | F6: 0 | G6: 0 | H6: =SUM(E6:G6) -> 0
A7: 4e-05 | B7: 7e-05 | C7: 0.0001 | D7: 0.00011 | E7: 0 | F7: 0 | G7: 0 | H7: =SUM(E7:G7) -> 0
A8: 4e-05 | B8: 8e-05 | C8: 0.0001 | D8: 0.00013 | E8: 1e-05 | F8: 0 | G8: 0 | H8: =SUM(E8:G8) -> 1e-05
A9: 5e-05 | B9: 9e-05 | C9: 0.00013 | D9: 0.00016 | E9: 0 | F9: 0 | G9: 0 | H9: =SUM(E9:G9) -> 0
A10: 5e-05 | B10: 9e-05 | C10: 0.00014 | D10: 0.00016 | E10: 0 | F10: 2e-05 | G10: 0 | H10: =SUM(E10:G10) -> 2e-05
A11: 4e-05 | B11: 7e-05 | C11: 0.00011 | D11: 0.00013 | E11: 0 | F11: 0 | G11: 0 | H11: =SUM(E11:G11) -> 0
A12: 5e-05 | B12: 8e-05 | C12: 0.00011 | D12: 0.00013 | E12: 0 | F12: 1e-05 | G12: 0 | H12: =SUM(E12:G12) -> 1e-05
A13: 4e-05 | B13: 8e-05 | C13: 0.0001 | D13: 0.00012 | E13: 0 | F13: 0 | G13: 0 | H13: =SUM(E13:G13) -> 0
... A101: 3e-05 | B101: 7e-05 | C101: 0.00011 | D101: 0.00012 | E101: 0 | F101: 0 | G101: 0 | H101: =SUM(E101:G101) -> 0
A103: =AVERAGE(A2:A101) -> 3.71e-05 | B103: =AVERAGE(B2:B101) -> 7.05e-05 | C103: =AVERAGE(C2:C101) -> 0.0001046 | D103: =AVERAGE(D2:D101) -> 0.0001294 | E103: =AVERAGE(E2:E101) -> 1e-07 | F103: =AVERAGE(F2:F101) -> 7e-07 | G103: =AVERAGE(G2:G101) -> 4e-07 | H103: =AVERAGE(H2:H101) -> 1.2e-06
A106: Total Average: | B106: =AVERAGE(A2:D101) -> 8.54e-05

Sheet MLFQ
A1: P1 Response | B1: P2 Response | C1: P3 Response | D1: P4 Response | E1: Context Total | F1: Context Count
A2: 9e-05 | B2: 0.0001 | C2: 0.00011 | D2: 0.00012 | E2: 1e-05 | F2: 7
A3: 0.00012 | B3: 0.00016 | C3: 0.0002 | D3: 0.00022 | E3: 3e-05 | F3: 7
A4: 0.00011 | B4: 0.00014 | C4: 0.00018 | D4: 0.0002 | E4: 3e-05 | F4: 7
A5: 0.0001 | B5: 0.00013 | C5: 0.00017 | D5: 0.00018 | E5: 2e-05 | F5: 7
A6: 8e-05 | B6: 0.00012 | C6: 0.00015 | D6: 0.00018 | E6: 1e-05 | F6: 7
A7: 0.00011 | B7: 0.00013 | C7: 0.00017 | D7: 0.00018 | E7: 3e-05 | F7: 7
A8: 6e-05 | B8: 9e-05 | C8: 0.00013 | D8: 0.00016 | E8: 2e-05 | F8: 7
A9: 6e-05 | B9: 0.0001 | C9: 0.00013 | D9: 0.00016 | E9: 1e-05 | F9: 7
A10: 0.00011 | B10: 0.00016 | C10: 0.00018 | D10: 0.00021 | E10: 4e-05 | F10: 7
A11: 0.00013 | B11: 0.00017 | C11: 0.0002 | D11: 0.00023 | E11: 2e-05 | F11: 7
A12: 0.00011 | B12: 0.00014 | C12: 0.00017 | D12: 0.0002 | E12: 3e-05 | F12: 7
A13: 0.00011 | B13: 0.00014 | C13: 0.00015 | D13: 0.00016 | E13: 2e-05 | F13: 7
... A101: 0.0001 | B101: 0.00014 | C101: 0.00017 | D101: 0.0002 | E101: 3e-05 | F101: 7
A104: =AVERAGE(A2:A101) -> 9.85e-05 | B104: =AVERAGE(B2:B101) -> 0.000133 | C104: =AVERAGE(C2:C101) -> 0.0001667 | D104: =AVERAGE(D2:D101) -> 0.0001897 | E104: =AVERAGE(E2:E101) -> 2.55e-05
A107: Total Average: | B107: =AVERAGE(A2:D101) -> 0.000146975

Sheet RR
A1: P1 Response | B1: P2 Response | C1: P3 Response | D1: P4 Response | E1: Context Total | F1: Context Count
A2: 0.07717 | B2: 0.06315 | C2: 0.0498 | D2: 0.00917 | E2: 0.03023 | F2: 3143
A3: 0.06898 | B3: 0.05511 | C3: 0.0385 | D3: 0.00156 | E3: 0.02699 | F3: 2920
A4: 0.07649 | B4: 0.06249 | C4: 0.04646 | D4: 0.00667 | E4: 0.03014 | F4: 3124
A5: 0.03741 | B5: 0.02343 | C5: 0.01586 | D5: 0.00546 | E5: 0.01405 | F5: 1933
A6: 0.02707 | B6: 0.01318 | C6: 0.00547 | D6: 0.00194 | E6: 0.00942 | F6: 1617
A7: 0.03996 | B7: 0.02583 | C7: 0.01815 | D7: 0.00273 | E7: 0.015 | F7: 2016
A8: 0.07162 | B8: 0.0576 | C8: 0.04091 | D8: 0.00553 | E8: 0.02849 | F8: 2963
A9: 0.04545 | B9: 0.03131 | C9: 0.02372 | D9: 0.0067 | E9: 0.01736 | F9: 2172
A10: 0.07858 | B10: 0.06467 | C10: 0.04348 | D10: 0.00822 | E10: 0.03169 | F10: 3112
A11: 0.03045 | B11: 0.01647 | C11: 0.00878 | D11: 0.00253 | E11: 0.01092 | F11: 1730
A12: 0.03743 | B12: 0.02326 | C12: 0.01561 | D12: 0.00808 | E12: 0.01401 | F12: 1917
A13: 0.0435 | B13: 0.02954 | C13: 0.02181 | D13: 0.00663 | E13: 0.01646 | F13: 2110
... A101: 0.05934 | B101: 0.04521 | C101: 0.03815 | D101: 0.00426 | E101: 0.02337 | F101: 2550
A104: =AVERAGE(A2:A101) -> 0.04647 | B104: =AVERAGE(B2:B101) -> 0.0333098 | C104: =AVERAGE(C2:C101) -> 0.0239817 | D104: =AVERAGE(D2:D101) -> 0.005092 | E104: =AVERAGE(E2:E101) -> 0.0178587
A107: Total Average: | B107: =AVERAGE(A2:D101) -> 0.027213375

Sheet SJF
A1: P1 Response | B1: P2 Response | C1: P3 Response | D1: P4 Response | E1: Context 1 | F1: Context 2 | G1: Context 3 | H1: Total Context
A2: 0.00013 | B2: 0.0001 | C2: 6e-05 | D2: 2e-05 | E2: 0 | F2: 0 | G2: 0 | H2: =SUM(E2:G2) -> 0
A3: 0.00012 | B3: 9e-05 | C3: 5e-05 | D3: 3e-05 | E3: 0 | F3: 0 | G3: 0 | H3: =SUM(E3:G3) -> 0
A4: 0.00012 | B4: 9e-05 | C4: 6e-05 | D4: 3e-05 | E4: 0 | F4: 0 | G4: 0 | H4: =SUM(E4:G4) -> 0
A5: 4e-05 | B5: 3e-05 | C5: 2e-05 | D5: 1e-05 | E5: 0 | F5: 0 | G5: 0 | H5: =SUM(E5:G5) -> 0
A6: 0.00015 | B6: 0.00011 | C6: 7e-05 | D6: 4e-05 | E6: 0 | F6: 0 | G6: 0 | H6: =SUM(E6:G6) -> 0
A7: 0.00014 | B7: 0.0001 | C7: 6e-05 | D7: 3e-05 | E7: 0 | F7: 0 | G7: 0 | H7: =SUM(E7:G7) -> 0
A8: 0.00012 | B8: 9e-05 | C8: 5e-05 | D8: 3e-05 | E8: 0 | F8: 0 | G8: 0 | H8: =SUM(E8:G8) -> 0
A9: 0.00013 | B9: 9e-05 | C9: 6e-05 | D9: 3e-05 | E9: 0 | F9: 0 | G9: 0 | H9: =SUM(E9:G9) -> 0
A10: 0.00013 | B10: 0.0001 | C10: 6e-05 | D10: 3e-05 | E10: 0 | F10: 0 | G10: 0 | H10: =SUM(E10:G10) -> 0
A11: 0.00013 | B11: 9e-05 | C11: 5e-05 | D11: 3e-05 | E11: 0 | F11: 0 | G11: 0 | H11: =SUM(E11:G11) -> 0
A12: 0.00011 | B12: 9e-05 | C12: 5e-05 | D12: 1e-05 | E12: 0 | F12: 0 | G12: 0 | H12: =SUM(E12:G12) -> 0
A13: 0.0001 | B13: 7e-05 | C13: 4e-05 | D13: 1e-05 | E13: 0 | F13: 0 | G13: 0 | H13: =SUM(E13:G13) -> 0
... A101: 0.00013 | B101: 0.0001 | C101: 6e-05 | D101: 3e-05 | E101: 0 | F101: 0 | G101: 0 | H101: =SUM(E101:G101) -> 0
A104: =AVERAGE(A2:A101) -> 0.0001264 | B104: =AVERAGE(B2:B101) -> 9.24e-05 | C104: =AVERAGE(C2:C101) -> 5.75e-05 | D104: =AVERAGE(D2:D101) -> 2.38e-05 | E104: =AVERAGE(E2:E101) -> 1e-07 | F104: =AVERAGE(F2:F101) -> 3e-07 | G104: =AVERAGE(G2:G101) -> 3e-07 | H104: =AVERAGE(H2:H101) -> 7e-07
A107: Total Average: | B107: =AVERAGE(A2:D101) -> 7.5025e-05

Sheet Combined
A1: Average Response Time (ms)
B2: P1 | C2: P2 | D2: P3 | E2: P4 | F2: Total
A3: FCFS | B3: =FCFS!A103*1000 -> 0.0371 | C3: =FCFS!B103*1000 -> 0.0705 | D3: =FCFS!C103*1000 -> 0.1046 | E3: =FCFS!D103*1000 -> 0.1294 | F3: =FCFS!B106*1000 -> 0.0854
A4: MLFQ | B4: =MLFQ!A104*1000 -> 0.0985 | C4: =MLFQ!B104*1000 -> 0.133 | D4: =MLFQ!C104*1000 -> 0.1667 | E4: =MLFQ!D104*1000 -> 0.1897 | F4: =MLFQ!B107*1000 -> 0.146975
A5: RR | B5: =RR!A104*1000 -> 46.47 | C5: =RR!B104*1000 -> 33.3098 | D5: =RR!C104*1000 -> 23.9817 | E5: =RR!D104*1000 -> 5.092 | F5: =RR!B107*1000 -> 27.213375
A6: SJF | B6: =SJF!A104*1000 -> 0.1264 | C6: =SJF!B104*1000 -> 0.0924 | D6: =SJF!C104*1000 -> 0.0575 | E6: =SJF!D104*1000 -> 0.0238 | F6: =SJF!B107*1000 -> 0.075025
B9: Average Context Switch Time(ms)
A10: FCFS | B10: =FCFS!H103*1000 -> 0.0012
A11: MLFQ | B11: =MLFQ!E104*1000 -> 0.0255
A12: RR | B12: =RR!E104*1000 -> 17.8587
A13: SJF | B13: =SJF!H104*1000 -> 0.0007
